text,sentiment
bu kadin poz vermeyi iyi biliyor ve fizigide çok hoş,1
sonunda büyük kısmet var,1
hiç beklemediğin bir anda seni çok mutlu edecek olsun,1
bir haber alacaksın sevdiğin biriyle,1
sakin ve huzur dolu günler görünüyor refah dolu bir hayatın olacak başarıya doğru emin adımlarla ilerliyorsun sabrını yitirme olsun,1
dört gözle yolunu beklediğin haber gelmek üzere mutluluk çok yakın zamanda,1
kısmetiyle gelen bir bebek var geldiği haneye bolluk ve bereket getirecek,1
yakın zamanda buna rağmen kolaylıkla atlatacaksın arkadaşından duyacağın iki güzel haberin var,1
sevinç gözyaşları dökeceksin,1
tanışacağın neşeli yerinde duramayan biri var,1
çok istediğin büyük bir dileğin gerçekleşecek buna rağmen yaptığın işlerde çok çabuk başarı kazanacaksın,1
çabalarının sonucunu alacaksın,1
senin sayende çözüme kavuşmak üzere sabır ve azimle ferahlığa erişeceksin,1
hislerinin yoğunlaşacağı algılarının açılacağı bir dönemden geçiyorsun,1
yorgunluğunu atmak ve yenilenmek için kısa da olsa bir tatile ihtiyacın var,1
hayatında olumlu gelişmeler var,1
kısa zaman sonra hem özel hem maddi yaşamında tam rahatlık sağlayacaksın olsun,1
ne olduğunu tahmin bile edemeyeceğin bir sürpriz ile karşılaşacaksın,1
uzun bir seyahat yapmak için yakında hazırlıklara başlayacaksın,1
hane içinde büyük sevinç yaşanacak mutluluk ve huzur dolu günler seni bekliyor,1
seni uyarmak isteyen birisi var çevrende uzun süredir beklediğin bir haber gelmek üzere,1
kutlama yapmaya hazır ol uzak bir yoldan sevdiğin bir misafirin olacak,1
uzunca bir süre sende kalacak,1
uzun süredir görmediğin uzaktaki bir dostundan haber alacaksın,1
bir dostun senden önemli bir konuda yardım isteyecek ona el uzatmalısın,1
ortamda sözü geçen itibarlı biri ile tanışacaksın sözlerine kulak ver,1
hayatına neşe katan birinin yakında senin desteğine ihtiyacı olacak,1
uzun zamandır görüşmediğin bir arkadaşından telefon haberi alıp sevineceksin,1
fincanındaki kuş sembolü huzurlu bir hayatının habercisi görünüyo,1
buna rağmen sabrınla bu günleri aşacaksın,1
bu aralar çok sağlıklısın boş yere kuruntu edip huzurunu kaçırma olsun,1
geçmiş döneme göre daha mutlu bir yaşantı seni bekliyor,1
beş ay içinde elde edeceğin güzel bir maddi kısmetin var iyi değerlendirmelisin,1
yakın zamanda seni çok mutlu edecek ve sevindirecek bir haber alacaksın,1
algılarının açıldığı bir dönemdesin çevrendekileri daha iyi anlayacaksın,1
buna rağmen özür dileyecek enerji ve tempo dolu günler seni bekliyor mücadeleye hazırlıklı ol,1
yakın zamanda çıkacağın bir seyahat görünüyor önemli bir görüşme yapacaksın,1
bu aralar şans senden yana görünüyor büyük bir kısmet kapına gelecek,1
tedbirli olmanda fayda var,1
bir arkadaşın seninle görüşmek istiyor,1
neşe saçacağın hareketli bir dönem başlıyor,1
yakın bir sürede beklediğin zenginlik ve bolluk senin olacak,1
uzun saçlı birisi derman olmak istiyor ona izin vermelisin,1
hanende sevinç gözyaşları döktürecek bir haber kapını çalmak üzere olsun,1
hiç beklemediğin bir yerden para gelecek buna rağmen,1
uzun zamandır bir yakınınla yaşadığın bu aralar nihayet güzelleşecek,1
yaşadığın durumdan en sonunda kurtulup ferahlayacaksın,1
sana şanslı gelecek bir eşya alacak ve onu yanından hiç ayırmayacaksın,1
ortamda sözü geçen itibarlı biri ile tanışacaksın,1
sözlerine kulak ver üç vakte kadar uzak bir yerden seni çok şaşırtacak haberler alacaksın,1
üç vakte kadar uzun süredir beklediğin hayırlı bir haber alacaksın,1
dileğin gerçek olacak iki ay içinde elde edeceğin güzel bir maddi kısmetin var iyi değerlendirmelisin,1
uzun yıllar boyunca sağlıklı ve kuvvetli yaşayacağın güçlü bir bünyen var,1
tüm kararlılığınla kötü bir alışkanlığından kurtulmak için ilk adımı atacaksın,1
sana çok değer veren ve çok seveceğin bir dost edineceksin,1
almak istediğin bir şeye yakında sahip olacaksın,1
yakın zamanda eline bir miktar para geçecek buna rağmen çabuk harcayacaksın,1
dua ve dileklerin yakın zamanda cevap bulacak isteğin gerçekleşecek olsun,1
çok yakında kariyer sahibi birinden hayatın konusunda yardım göreceksin,1
ailen veya bir tanıdığın seni çok şaşırtacak bir sürpriz yapacak,1
bir akrabandan duyacağın övgü dolu sözler seni şaşırtacak ve göğsün kabaracak,1
duygularının ağır bastığı kalbinin sesini dinleyeceğin bir döneme giriyorsun,1
yanında olmasını istediğin kişiden alacağın bir haber yüzünü güldürecek,1
üstünde uzun süredir düşündüğün bir konu nihayet çözüme kavuşuyor,1
bir arkadaşınla karşılıklı yapacağınız konuşma aranızdaki buzları eritecek,1
yaşanan terslikler artık bitiyor sorunlarından kurtuluyorsun,1
dostlarından birisiyle ilgili sana anlatılacak olan laflara sakın ola ki inanma,1
sürecek bir dostluğun başlangıcındasın onu kaçırmamalısın,1
emeklerinin karşılığı olan bir miktar para gecikmeli de olsa eline ulaşacak,1
enerji ve tempo dolu günler seni bekliyor olsun mücadeleye hazırlıklı ol,1
çevrende bir aileye veya senin ailene kısmetiyle gelen bir bebek katılıyor,1
sorunlarını içine atıp biriktiriyorsun duygusal patlamalar yaşayabilirsin,1
yakın zamanda çok hayırlı haberler getiren bir ziyaretçin olacak,1
hislerinin yoğunlaşacağı algılarının açılacağı bir dönemden geçiyorsun,1
kısa zamanda evine bereket gelecek önünde ferahlık ve huzur var,1
dileğine doğru şahlanmış koşuyorsun istediklerinin gerçekleşmesi an meselesi,1
bir süredir küs olduğun birisi ile uzun uzun konuşacak ve barışacaksın ayrı kaldığın bir kişi ile buluşma görünüyor,1
buna rağmen sen bunun üstesinden geleceksin,1
bu aralar çok sağlıklısın boş yere kuruntu edip huzurunu kaçırma emeklerinin karşılığını gururlanarak alacaksın,1
üzerindeki yükten sonunda kurtuluyorsun rahata ve huzura kavuşacaksın,1
beş vakte kadar geçireceğin güzel bir akşam olacak moralin düzelecek,1
yaşanan terslikler artık bitiyor sorunlarından kurtuluyorsun,1
buna rağmen o konuyu ilgili kişiyle paylaşmalısın sana çok faydası dokunacak,1
itibarlı biri ile tanışacaksın kararsızlığın devam ederse kötü olaylar yaşanacak elini çabuk tutmalısın,1
davranışlarından rahatsız olduğun birinin uzak yere gideceği haberini alacaksın olsun,1
önce kendine sonra çevrene karşı özenli ve kibarsın insanlar bu huyunu seviyor,1
hayatında herşey yoluna girecek çok mutlu olacaksın,1
mutluluğun ile uzun boylu biri var,1
zaman ayırdığın bir yerden beklediğin bir başarı yakalayacaksın,1
hedefinle ilgili yaşanacak olumsuzluk keyfini kaçırmasın amacına ulaşacaksın,1
çok istediğin büyük bir dileğin gerçekleşecek,1
uzaklardan gelecek bir haber tüm mutsuzluğunu alıp götürecek,1
yüzün gülecek beklenmeyen bir anda gelen haberle sevinç gözyaşlarına boğulacaksın,1
beklediğin bir müjde veya gitmek istediğin yer ile ilgili haber gelecek,1
öğrenmeye çalışıyorum öyle görünüyor,1
her şeye rağmen rahat bir nefes alacaksın büyük bir fırsat gelmek üzere,1
büyük bir şans veya para gözüküyor ihtiyacına göre şekillenecek,1
sen bunun üstesinden geleceksin,1
hane içinden birisinin beş vakte kadar uzun bir yolculuk yapacağı görünüyor,1
büyük miktarda bir para eline geçecek yatırım fırsatlarını düşünmelisin,1
harekete geçme zamanı sevdiğin biriyle inatlaşma yüzünden büyük bir tartışma yaşayacaksın,1
aklındakileri hayata geçirmenin tam zamanı hayırlı bir girişimde bulunacaksın,1
yavaş buna rağmen emin adımlarla hedefine yaklaşıyorsun,1
uzun bir seyahat yapmak için yakında hazırlıklara başlayacaksın hiç beklemediğin bir yerden para gelecek,1
doğru insan merhamet ve sevgiyle büyüdüğü için kendini belli ediyor kestirip atmıyor gönlünü hoş ediyor,1
değil onarmayı tercih ediyor olsun güzel bakıyor sevip sahip çıkıyor,1
evin oluyor mesafe olsa bile anlıyorsun zaten insan evini uzaktan bile tanır,1
o yüzden içinizden geleni yapın taktiksiz tertemiz ve içten,1
ben hayatımda değer verdiğim insanları gerçekten sevip sonuna kadar yanlarında oluyorum,1
bir şeyden sakınmam her şeyi ortaya koyarım,1
artık akıllandım eskisi gibi değilim,1
i̇nsanlar benim o samimi birilerine güvenen ve zor zamanlarında koştuğum halime o kadar alışmış ki çevremde,1
biri sizi sevebilir aşık olabilir,1
o dünyanın en iyi aşığı olmalı,1 
çünkü unutmayın sadece sevgi yeterli,1
başkalarını mutlu etmek için bir şeyler yapmayı bıraktığımdan beri hafiflemiş hissediyorum,1
yine de iyi olsun herkes ben kendime yeterim,1
bile benimle birlikte çaba gösteren birileri olsun istiyorum,1
hayatımın geri kalanını beni güldüren özel hissettiren ve ne olursa olsun beni desteklemekten vazgeçmeyen insanlarla geçirmek istiyorum,1
tek gerçek yasa özgürlüğü sağlayan yasadır,1
sizce i̇yi insan tanımı nedir ,1
sevgiyi iç dünyamda hissediyorum,1
tamamen sevgi kaynağına bağlıyım,1
yaşam bana verilmiş harika bir hediye değerini biliyor ve mutlu oluyorum,1
kendimi seviyor ve kabul ediyorum,1
nefes almaya ve huzura odaklanıyorum,1
sezgilerimi takip ediyorum ve kalbim gerçek rehberim oluyor,1
her zaman doğru seçimler yapıyorum,1
i̇çimdeki gücü ve enerjiyi yaşıyorum,1
kendime inanıyor ve güveniyorum,1
ben eşsiz bir insanım,1
ben aklım ile parlıyor ve başkalarına yol gösteriyorum,1
ben önemli bir insanım ve dünya bunun farkında,1
i̇çimdeki bilgeliğe ve sezgilerime güveniyorum,1
duygumun farkındayım ve kontrol ediyorum,1
huzurlu ve dinginim ve nefesime odaklanıyorum,1
her şey benim iyiliğim için oluyor,1
durumun iyiye döneceğini kabul etmesem de yaşadığım durum iyiye doğru gidiyor,1
i̇çimde cesaret ve umut yükseliyor,1
baktığım zaman iyimser ve umutlu yolları görüyorum,1
yaşamın bilgeliğinden daha iyi yollar ve çözümler için yardım istiyorum,1
tüm olasılıklar tükenmedi yeni olasılıkları hayatıma her gün giriyor,1
bilgeliğim karara varmamı sağlıyor,1
en iyi kararı vereceğimi biliyor ve kendime güveniyorum,1
kararım ne olursa olsun sonunda iyilikle olacağını biliyorum,1
kararımı iç dünyamın bilgeliği ile buluyor ve huzurla kabul ediyorum,1
ailem ve arkadaşlarım beni bu karar yüzünden anlamasa bile onları seviyorum,1
kararımın doğru olduğunu biliyor ve tüm sorumluluğu alıyorum,1
tüm enerjimi ve zihnimi bana rehberlik etmesi için yönlendiriyorum,1
her iyilikte bir kötülük ve her kötülükte bir iyilik olacağının yasasını biliyorum,1
kararımın en yakın zamanda bilgelik ve sevgi kanalları ile vereceğimi de biliyorum,1
beni seven ve bana saygı duyan arkadaşları seçiyorum,1
bana huzur veren insanlarla çevremi oluşturuyorum,1
arkadaşlarıma zaman ayırıyor ve onları önemsiyorum,1
arkadaşlarım beni yargılamıyor ve beni destekliyorlar,1
ben arkadaşlarım ile çok harika bir yaşam sürüyorum,1
herkesin gördüğü gibi ben akıllı ve güzel bir insanım,1
her istediğimde bu ortamı bırakabilirim onun için çok rahatım,1
biliyorum ki gerekli cevaplar bana burada verilecek,1
tüm her şey yolunda ve insanlar beni beğeniyor,1
ben işimden zevk alıyor ve istediğim işi yapıyorum,1
kariyer planımda yükseliyor ve istediğim noktaya geliyorum,1
harika ve güzel bir işim var,1
yaptığım iş hayatımı pozitif yönde yükseltiyor,1
yaptığım iş ile dünyaya katkıda bulunuyor ve dünyayı pozitif yönde değiştiriyorum,1
kendimi müthiş hissediyorum,1
ben muhteşem biriyim,1
kararlarım kesinlikle tam olarak doğru,1
kaderimi yaşıyor ve yaşamımı şekillendiriyorum,1
akıştayım zihnim zamanın akışına kendini bırakıyor,1
şimdiye odaklanıyorum ruhum ve zihnim şimdide buluşuyor,1
ben çok iyi bir insanım ve sevgi ile harika hissediyorum,1
her şey yolunda her şey istediğim gibi oluşuyor,1
yaşamımda harika şeylere yer açılıyorum ve kötü şeyler hayatımdan çıkıyor,1
ben güzel ve sevgi dolu bir canlıyım,1
korkularım değil hayallerim ve en güzel dileklerim gerçekleşiyor,1
öfkem ve kaygılarım sessizce bedenimden ve zihnimden uzaklaşıyor,1
ruhum çok huzurlu,1
korunuyorum i̇yi ve güzel her şey tarafından tam bir koruma altındayım,1
bugün tam şu anda tepe noktamdan kuyruk sokumuma kadar tüm pozitif enerji ruhuma giriyor,1
kırılmış olan her iyi şey tekrar birleşiyor ve daha güçleniyor,1
hayatı sen ve yaşamı çok seviyorum,1
kendimi seviyorum ve saygı duyuyorum,1
i̇çimdeki yüce güç harekete geçiyor ve her şeyi pozitife dönüştürüyor,1
ben ruhsal enerjimi yükseltiyor ve bedensel sağlığımı arttırıyorum,1
bedenim ve aklım ruhumun pozitif enerjisi ile parlıyor ve yükseliyor,1
ben iyilik dolu pozitif bir insanım,1
ben sevgiyim ve sen sevgi enerjisi ile tüm hayatım iyileşiyor ve güçleniyor,1
şimdi şu anda tam olarak tüm anılarımı kabul ediyor ve onları sevgiyle özgür bırakıyorum,1
yaşadığım her anı kabulleniyorum,1
ben tüm negatif düşüncelerden ve anılardan bağımsızım ve onların üstündeyim,1
ben bugün kendimi affediyorum,1
en derin olan güç iyileşiyor zenginleniyor ve sevgi mutluluk ve uzun yaşam huzur farkındalık sen,1
ve tüm güçlü enerjiler ve yaşamın akışıyla seni taçlandırılıyor,1
düşüncelerim olumlu ve huzurlu bir şekilde oluşuyor,1
hayatın olumlu tarafını daha net ve içten görüyorum,1
pozitif bir bakış açısına sahibim,1
sevgi ve güzellikleri düşüncelerimde oluşturuyorum,1
ben en güzel ve huzurlu hayata sahibim,1
düşüncelerim ve farkındalığım olumlu yönde artıyor,1
pozitif düşünceler zihnimde kendiliğinden oluşuyor,1
ben mutlu ve huzurlu bir insanım,1
pozitif enerjiyi ve olayları çeken bir mıknatısım,1
günün sonunda her şeyi sevgiyle kabul ediyor ve gülümsüyorum,1
seni motive eder,1
aklını odaklamaya yardımcı olurlar,1
size yeni olasılıklar açabilirler,1
düşünce şeklinizi değiştirmeye yardımcı olabilirler,1
hayatınızın potansiyelini ortaya çıkarabilirler,1
hayatınızın herhangi bir yönü için uygulanabilirler,1
tekrarlanan olumlu cümleler şüphe ve güvensizliği ortadan kaldırabilir,1
pozitif düşünceye yardımcı olurlar,1
bilinçaltına giren negatif kayıtları temizlemeye yardımcı olabilirler,1
negatif alışkanlıkları değiştirmeye yardımcı olabilirler,1
her şey yoluna giriyor kendime güveniyorum,1
ben kazanan bir insanım,1
ben işimi en iyi yapıyorum,1
sosyal becerilerim çok yüksek,1
herkesten daha başarılı oluyorum,1
yeteneklerime güveniyorum,1
mutluluk benimle ve bana huzur veriyor,1
başkalarının önünde kendime güveniyorum,1
ben güçlüyüm,1
ben başarılıyım,1
başkalarına ilham veriyorum,1
enerjiden korkmuyorum ben enerjiyim,1
ne olmak istediğimi ben seçiyorum,1
hayatıma ben karar veriyorum,1
zorlukları aşabilecek kadar cesurum,1
yeterliyim ve fazlasıyım,1
karmamı değiştirecek güçteyim,1
her gün daha da güçleniyorum,1
mutlu ve huzurlu bir kişiliğim var,1
enerjimi seviyor ve çevreme yayıyorum,1
başarı benim itici gücüm oluyor,1
güvenerek ve emin şekilde konuşuyorum,1
beni yenebilecek tek kişi yine benim,1
harekete geçiyor ve başarılı oluyorum,1
i̇nsanlar bana güveniyor,1
ben yeteneklerime güveniyorum,1
farklı olmaya cesaret ediyorum,1
her arzuma ulaşabilecek yetenekteyim,1
kendime duyduğum güven en yüksek noktada,1
güçlü kendinden emin ve hedeflerime ulaşma yeteneğine sahibim,1
ben mutluyum,1
ben güvendeyim,1
ben güzel bir günü hak ediyorum,1
ben güçlüyüm,1
kendimi seviyorum,1
bugün kendime başarıyı çekiyorum,1
bugün için minnettarım,1
bugün mutluluk ve huzur günü,1
iyi bir insan oluyorum,1
nazik oluyorum,1
ben dünü affediyorum,1
sevgi enerjisini yayıyorum,1
bugün karşılaşacağım her zorluğu yeniyorum,1
bugün harika şeylere gebe biliyorum,1
doğru seçimi yapacak kadar akıllıyım,1
ben kendimden eminim,1
bu dünyadaki yerimi hak ediyorum,1
ben yetenekliyim,1
korkularımla yüzleşiyorum ve ben kazanıyorum,1
hatalarımdan öğreniyorum,1
başarılarım ile gurur duyuyorum,1
yapmak istediğim her şeyi yapabilirim,1
kalbim sevgiye ve neşeye açık,1
bugün kazanıyorum,1
yeni günü kucaklıyorum,1
bugün elimden gelenin en iyisini yapıyorum,1
mutlu ve sağlıklı olmak için her şeye sahibim,1
bugün sevdiklerime minnettarım,1
öğreniyorum ve güçleniyorum,1
harika olasılıklarla dolu,1
enerjiyle doluyum,1
sadece güzel şeyleri çekiyorum,1
kendim olmakta özgürüm,1
benim yıldız olma günüm,1
gönderilen tüm fırsatlara açığım,1
mutluluk tamamen benimle ilgili bir duygu,1
kendimi seviyorum,1
hayatımı ve bana gelen güzellikleri seviyorum,1
sevgi enerjisini kendime çekiyorum,1
korkudan değil sevgiden besleniyorum,1
pozitif duyguları seçiyorum,1
tüm insanlığı seviyorum,1
tüm dünyayı ve doğayı seviyorum,1
tüm güzel ve pozitif enerjileri çekiyorum,1
kendime inanıyorum,1
ben çok değerli bir elmasım,1
ben huzurlu ve güleryüzlü bir insanım,1
kendi bedenimi seviyor ve saygı duyuyorum,1
düşüncelerim doğru ve iyi,1
pozitif enerji ile yüklü bir insanım,1
aynada kendime baktığımda mutluluktan uçuyorum,1
ben sevgi duygusunu kendime çekiyorum,1
benim düşüncelerim ve fikirlerim çok değerli,1
seviliyor ve saygı duyuluyorum,1
kendimi koşulsuz olarak kabul ediyorum,1
dışarda ve içerde bedenimi seviyorum,1
dinlenmeyi ve rahatlamayı hak ediyorum,1
bedenimi sağlık ve güzellik yansıyor,1
bedenim sadece bir madde değil o ruhsal bir güç,1
bedenimi tamamen kabul ediyor ve seviyorum,1
hücrelerim organlarım kemiklerim ve diğer tüm beden parçalarım mükemmel uyum içinde,1
bedenim mükemmel iyileştirme gücüne sahip,1
vücudum kendini hızlıca iyileştirebiliyor,1
vücudumun iyileşmesine ve güzelleşmesine izin veriyorum,1
bedenime saygı duyuyor karşılıyorum,1
aklımı seviyorum düşüncelerim huzurlu,1
ne yaptığımı biliyorum her şey yolunda gidiyor,1
negatif düşüncelerin yerine pozitiflerini koyuyorum,1
yardıma ihtiyaç duyduğumda aklıma danışıyorum,1
aklım sağlıklı ve düzgün işliyor,1
pozitif düşünüyor ve huzurla duygularımı yönetiyorum,1
zeki ve akıllı bir insanım,1
sevgi dolu ve mutlu bir aklım var,1
aklım başarı konusunda çok iyi,1
zor soruları aklımla aşıyorum,1
ben doğru ve huzurlu bir yoldayım,1
hayatıma anlam katacak hedefimi keşfediyorum,1
yaşam ihtiyacım olduğunda bana yol gösteriyor,1
evren ile uyum içindeyim,1
ben kendimi tamamlamış ruhsal bir canlıyım,1
hayat bana rehberlik ediyor,1
doğru akışı buluyor ve ona kendimi bırakıyorum,1
elimi kalbime koyduğumda ruhum güçleniyor,1
doğa ile harika bir bağlantım var,1
sevgi dolu ruhsal rehberliği kabul ediyorum,1
ben bir oyuncuyum harekete geçip başarılı oluyorum,1
büyüleyici olmak için yapmam gereken işleri buluyorum,1
bugün için işime gerçekten çok dikkat ediyorum,1
bütün gün boyunca dikkatli ve verimli oluyorum,1
i̇steğime odaklanıp konsantre oluyorum,1
olumsuzlukları bırakıyorum bunun yerine pozitifliğe ve üretkenliğe odaklanıyorum,1
net görüyorum ve enerjim yükseliyor,1
hedefime odaklanmayı taahhüt ediyorum ben buna değerim,1
tüm çabalarımı hayatta başarmak istediğim şeylere yoğunlaştırıyorum,1
dilediğim zaman akış durumuna geçmek için çalışıyorum,1
hedeflerime ulaşmak için planlarımı yapıyorum,1
önceliklerim açık i̇lk önce en önemli görevlerimi bitirmek için çalışıyorum,1
başarıya odaklanmam değişmeyecek en önemli şey,1
bugün sihir yapıyorum dileklerim gerçekleşiyor,1
hayallerimin hayatını yaratıyorum,1
odaklandım ısrarcıyım ve vazgeçmeyeceğim,1
ben tamamen kendi hayatımdan sorumluyum,1
aklıma ne koyuyorsam başarıyorum,1
durumlarımın bir ürünü değilim kararlarımın bir ürünüyüm,1
enerjim gerçekliğimi yaratıyor,1
amacımla uyum içerisinde yaşamaya adıyorum,1
oluşturduğum hayatı çok seviyorum ve fırsatlar bana kolaylıkla akıyor,1
sezgilerim beni en iyi duruma getiriyor,1
kalbimin yolunu hep takip ediyorum,1
kalbimin sesini dinlemeyi öğreniyorum,1
i̇stediğim tüm başarıyı ve refahı yaratma gücüm var,1
başarımın önünde duran eski olumsuz inançları bırakıyorum,1
aklım heyecan verici yeni olasılıklara açık,1
yaşamın sunabileceği her iyi şeye layıkım ve başarılı olmayı hak ediyorum,1
kendime ve başarılı olma yeteneğime inanıyorum,1
bana çok iyi hizmet eden tüm yeteneklerime minnettarım,1
bugün işimden zevk alıyorum ve her gün daya iyimser oluyorum,1
evren ben ve kariyerim için sonsuz fırsatlarla dolu,1
etrafımda bana inanan pozitif destekleyici insanlarla çevriliyim,1
ben her zaman açık fikirliyim ve başarıya giden yeni yollar keşfetmeye hevesliyim,1
kendime ve başarma yeteneğime inanıyorum,1
anı yakaladığında veya kaçırdığında fırsatı tanıyorum,1
her gün başarı için ilginç ve heyecan verici yeni yollar keşfediyorum,1
yardıma ihtiyacım olduğunda mükemmel kaynakları ve çözümleri zahmetsizce kendime çekiyorum,1
baktığım her yerde refahı görüyorum,1
i̇yi organize oldum ve zamanımı uzman verimliliği ile yönetiyorum,1
hayatımın her alanında başarıya ulaşmayı taahhüt ediyorum,1
i̇şimi seviyorum ve işim daha büyük başarıya giden yolculuğumun bir parçası,1
hedeflerim kişisel değerlerimle mükemmel bir uyum içinde,1
hevesimi paylaşan büyüleyici ilham veren insanlarla çalışıyorum,1
kendim için başarı yaratarak başkaları için başarı ve fırsatlar yaratıyorum,1
yeni zorluklarla uğraşırken kendimi sakin kendinden emin ve güçlü hissediyorum,1
çözüm üretmek bana doğal geliyor,1
beni her zaman anlayan ve cesaretlendiren başarılı insanları çekiyorum,1
başarım katlanarak artıyor,1
her yeni mücadeleyi yeni bir fırsat olarak kabul ediyorum,1
sevdiğim ve minnettarlıkla yaptığım her hedefi kutluyorum,1
başardıkça güvenim iki katı artıyor,1
sürekli olarak doğru koşulları doğru zamanda doğru şekilde çekiyorum,1
hayatıma akan tüm bolluk için minnettarım,1
sezgilerime güveniyorum ve her zaman akıllıca kararlar almamı sağlıyor,1
vizyonumu geliştiriyorum ve günlük çalışmamı tutkuyla sürdürüyorum,1
her güzel gün bana ilham veren ve motive eden yeni fikirlerle dolu,1
yaptığım her şeyde mükemmelim ve başarı bana kolayca geliyor,1
her zaman olumlu bir sonuç alıyorum,1
dünyaya değerli katkılarda bulunma yeteneğimden dolayı gurur duyuyorum,1
bilgelerini ve rehberliklerini nezaketle paylaşan mükemmel danışmanları çekiyorum,1
cesaret ve güvenle rahatlık bölgesinin dışına çıkıyorum,1
ben iyi dinleyicim ve etkili bir iletişimciyim,1
hayatımda daha fazla bolluğa izin verdiğim için bana daha çok kapı açılıyor,1
stresten arınmışım ve baskı altında daha gelişiyorum,1
kendim için yüksek standartlar belirliyorum ve daima beklentilerimi yerine getiriyorum,1
giderek daha başarılı olmama yardımcı olacak sonsuz yeni fikirlerim var,1
başarılı olabilme yeteneğim hakkındaki tüm sınırlayıcı inançları kaldırıyorum,1
her gün beden zihin ve ruhta başarıyı çekiyorum,1
büyük düşünüyorum ve hayal ediyorum,1
kim olduğumu seviyorum ve doğal olarak bana eşsiz bir birey olarak saygı duyan insanları çekiyorum,1
bolluk ve mutluluk dolu bir hayat yaratıyorum,1
başarılı bir şekilde tam potansiyelime ulaşıyorum,1
olumlu güçlü bir etki yaparak dünyayı daha iyi bir yer haline getiriyorum,1
i̇çimdeki çocuk bugün aşkı keşfediyor,1
etrafım sevgi ile çevrili ve her şey yolunda,1
kalbim her zaman sevgiye açık ve aşkı yayıyorum,1
bütün ilişkilerim uzun ömürlü ve sevgi dolu,1
eşim hayatımın aşkı ve evrenimin merkezi,1
hayat arkadaşım beni onu sevdiğim kadar seviyor,1
kendimi ve herkesi seviyorum ve karşılığında herkes beni seviyor,1
gittiğim her yerde aşkı buluyorum hayat neşeli ve güzel,1
eşim ve ben birbirimiz için mükemmel bir eşleşmeyiz ve aramızdaki sevgi çok büyük,1
eşimi mükemmel bir şekilde anlıyorum onun bakış açısını görebiliyorum,1
i̇lişkimde ne olursa olsun sevgi ve affetmek bu ilişkinin temelidir,1
sevgiyi dağıtıyorum ve bana birçok kat çoğalarak geri geliyor,1
sevecen bana bağlı sadık güvenilir ve anlayışlı harika bir insana aşığım,1
sonsuz bir sevgi enerjisi etrafımda sürekli dönüyor,1
vereceğim çok fazla sevgi var,1
ben zahmetsizce aşkı çekiyorum,1
etrafımdaki aşk için minnettarım,1
hayatımda her zaman sevgi vardır,1
merhamet ve anlayışla seviyorum,1
olumlu enerjim ve sevgi dolu tavrımla yaşıyorum,1
benim dünyam sevgi ışık ve mutlulukla dolu,1
sevilmeyi hakediyorum,1
ben kendim olduğum için sevgiyi çekiyorum,1
etrafımda beni seven ve destekleyen insanlar var,1
i̇nsanlar varlığımdan akan sevgiyle doluyor ve beni takdir ediyorlar,1
aşkımı cömertçe başkalarıyla paylaşıyorum başkalarının sevgilerini minnettarlıkla kabul ediyorum,1
aşk hayatımın gerçeği oluyor,1
açıkça dürüstçe koşulsuz bir şefkatle seviyorum,1
hayatımda coşkuyla sevgi oluşturuyorum,1
her gün hayatı ve sevgiyi yaşıyorum,1
gittiğim her yerde mucizeler ve aşk beni çevreliyor,1
ben sevgi dolu bir hayat yaşıyorum,1
aşk şu anda her yerimde,1
ben pozitif ve sevgi dolu bir insanım,1
derinden aşık oluyorum,1
her zaman dürüst ve saygılı bir şekilde iletişim kuruyorum,1
nazik ve saygılıyım,1
kendimi sevilmiş ve güvende hissediyorum,1
hayallerimdeki kalıcı ilişkisini kuruyorum,1
kim olduğumu seviyorum doğal olarak hayatımdaki pozitif ilişkileri de çekiyorum,1
ben iyi bir adamın sevgisini hakediyorum,1
i̇yi bir kadının sevgisini hakediyorum,1
mumlar ve güllerle dolu romantik geceleri hak ediyorum,1
şimdi hayatımın aşkını bulmayı hak ediyorum,1
eşsiz ve harika ailem için minnettarım,1
randevularımda her zaman iyi zaman geçiriyorum,1
bana sadık olan bir eşi hak ediyorum,1
sonsuza dek mutlu bir şekilde seviyorum,1
kendimi seviyorum ve kabul ediyorum ve arkadaşlar için bir mıknatısım,1
kendimi sevip kabul ettiğimde başkalarını sevmek kolay oluyor,1
aşkla çevriliyim,1
sevgiye layıkım ve bolca sevgiyi ruhuma alıyorum,1
ben sevgi dolu bir insanım ve daima seviliyorum,1
saf sevgi her zaman içimden bana ve çevreme akıyor,1
kalbim iyi ve saf aşka açık,1
kalbim sevgi dolu ve aşkı yayıyorum,1
her yerde sevgi ve saygı görüyorum,1
şimdi hayatımdaki en sevgi dolu insanı hayatıma çekiyorum,1
ben aşka değerim,1
sadece sevgi dolu insanları hayatımın içine çekiyorum,1
sevgilim beni kabul ediyor ve beni olduğum gibi seviyor,1
ruh eşim beni buluyor,1
aşk hayatım için bir öncelik,1
kalbim sevgiye tam olarak açık,1
aşk her gün beni her yönden çevreliyor,1
sevginin bana ve içime akmasına izin veriyorum,1
kendimi tamamen sevmeme izin veriyorum,1
sevgilim tarafından tam olarak sevilmeye izin veriyorum,1
mükemmel sevgi dolu aşk için bir mıknatısım,1
ben sevgi ve güzelliğe odaklanıyorum,1
aşık olmaktan mutluluk duyuyorum,1
kollarımı açarak aşkı kabul ediyorum,1
seviyorum ve affediyorum,1
sevmeyi seviyorum ve sevilmeyi seviyorum,1
açık özgür ve sevgi dolu biriyim,1
ruh eşimi bulmayı hakediyorum,1
sevgi dolu insanlar kolayca beni bulur,1
bugün romantik olmayı seçiyorum,1
sevgiyi kolayca ve düzenli olarak hayatıma dahil ediyorum,1
sevgi vermek ve almaktan zevk alıyorum,1
ne olduğumu seviyorum,1
davranış tarzımı seviyorum,1
ben herkesi seviyorum ve kabul ediyorum,1
bugün herkese sevgiyle konuşmayı seçiyorum,1
ben çok şefkatli ve huzurlu biriyim,1
kendimi her zaman ve tamamen seviyorum,1
başkalarına iyi davrandığım için kendimi seviyorum,1
kendime iyi davrandığım için kendimi seviyorum,1
her gün kendime olan sevgimin artmasına izin veriyorum,1
sevildiğimi hissetmek mutluluk veriyor,1
çok seviyorum,1
i̇nsanlığı seviyorum,1
kendimi koşulsuz olarak seviyorum,1
ben aşka aşığım,1
bugün daha çok sevmeyi seçiyorum,1
kim olduğumu seviyorum,1
ben saf aşkım,1
hayatımın her yönünü seviyorum,1
varlığımın her yönünü seviyorum,1
başkalarından sevgiyi kabul ediyorum,1
ben aşk istiyorum ve aşk beni istiyor,1
kendi gücüme güveniyorum ve sevginin kapısını açıyorum,1
hayatımın aşkı içte ve dışta muhteşem,1
sevmek ve sevilmek harika hissettiriyor,1
i̇yi muamele görmeyi hak ediyorum çünkü sevilmeye değerim,1
zenginlik her gün etrafımı çevreliyor,1
kariyerimi aldığım her kararla daha da ileriye götürüyorum,1
hayalimdeki işte çalışıyorum,1
çalıştığım her günü seviyorum,1
kariyerim beni aileme yaklaştırıyor,1
i̇şim bana finansal bolluk getirir,1
i̇ş arkadaşlarım benim etrafımda olmaktan hoşlanıyorlar,1
patronum yaptığım işe değer veriyor,1
ben değerli bir çalışanım,1
müşterilerim işimi takdir ediyor ve bana değer veriyor,1
her gün yeni müşteriler çekiyorum,1
olumlu tutumum kendime güvenim ve çalışmam yeni fırsatların kapısını açıyor,1
çalışırken coşkulu ve heyecanlıyım,1
i̇şimle ilgili coşku çevreme yayılıyor,1
i̇ş yerim huzur ve sevgi dolu,1
kararları kolaylıkla alırım,1
i̇ş arkadaşlarım hakkında olumlu konuşuyorum ve onlar benim hakkında olumlu konuşarak yanıt veriyorlar,1
elimden gelenin en iyisini yapıyorum,1
molalarım sırasında sağlıklı şeyler tüketiyorum,1
öğle yemeğim sırasında sağlıklı besleyici yiyecekler yiyorum ve vücudum bana minnettar bana enerji ve sağlık sağlıyorum,1
başarıyı çevreme yayarım,1
sevgiyi yayarım ve diğerleri bana olan sevgisini yansıtır,1
ben sevgi dolu ve güzelim,1
ben çekiciyim,1
romantik ilişkim sağlıklı uzun ömürlü ve sevgi dolu,1
eşim nazik şefkatli ve anlayışlı,1
eşim kendini fiziksel ve manevi olarak bana çekiyor,1
ruhumla birlikteyim ve sevgi dolu bir hayatı paylaşıyoruz,1
hayat sevgi dolu ve gittiğim her yerde sevgiyi buluyorum,1
i̇lişkimiz ilahi ve partnerim ile mükemmel bir şekilde eşleştirildim,1
eşim ve ben arasında derin bir anlayış var,1
bağışlama ve merhamet romantik ilişkimin temelidir,1
aynaya bakıp “seni seviyorum” demek benim için kolay,1
sözlerim her zaman nazik ve sevecen ve karşılığında başkalarından nezaket ve sevgi görüyorum,1
hayatımın her günü sevgi dolu,1
eşim ve ben arasındaki tüm iletişim sevecen ve kibar,1
benim hakkımda her şey çok hoş ve güzel,1
ruh eşimle birlikteyim çünkü gerçek aşkı hak eden sevgi dolu kibar bir insanım,1
her sabah neşeyle dolu uyanıyorum,1
eşim benim seksi buluyor çünkü o benim her parçamdan etkileniyor,1
tüm ilişkilerim sağlıklı çünkü sevgi ve merhamete dayanıyorlar,1
vücudum hakkında herşeyi seviyorum,1
vücudumverimli çalıştığı için minnettarım,1
vücudumun şeklini kabul ediyorum ve onu güzel ve çekici buluyorum,1
ben sadece sağlıklı ve besleyici beslenme seçimlerini yapıyorum,1
vücudumla ilgilenirim ve her gün egzersiz yaparım,1
vücudum sağlıklı ve enerji dolu,1
her nefes aldığımda vücudum iyileşme enerjisiyle doludur,1
ben kiloda olduğum için çok mutluyum istenilen ağırlığa göre doldurun,1
sağlıklı ve besleyici gıdalar yemeyi seviyorum,1
meyve ve sebzenin tadını seviyorum,1
vücudumdaki her hücreye aşığım,1
güven duyuyorum ve başkaları bana saygı duyuyor,1
diğerleri beni seksi ve çekici buluyor,1
aynaya baktığımda heyecanla doluyorum,1
aşk umut ve güven ile doluyum,1
hayatın her saniyesini coşku ve umutla selamlıyorum,1
vücudumdan geçen yaşam gücü ve enerji için minnettarım,1
aldığım her hareket benim güvenimi arttırıyor,1
düşündüğüm ve söylediğim her şey beni daha sağlıklı kılıyor,1
vücudumda kendimi güvende hissediyorum,1
her gün mutlu ve heyecanlı uyanıyorum,1
hayatımın her günü mutluluk ve sevgiyle dolu,1
hayatımın her saniyesinde hevesliyim,1
yaptığım her şey eğlenceli sağlıklı ve heyecanlı,1
ben bir aşk ve merhamet göstergesiyim,1
herkes yaşam için ne kadar neşe ve sevgim olduğunu görür,1
yeni sağlıklı deneyimler yaşıyorum,1
bütün ilişkilerim pozitif ve sevgi ve merhametle dolu,1
diğerlerini ellerinden gelenin en iyisini yapmaya çalışan iyi insanlar olarak görüyorum,1
baktığım her yerde nazik ve umutlu olmak için fırsatlar buluyorum,1
tüm hedeflerimi kolaylıkla gerçekleştiririm,1
sadece benim için sağlıklı olan şeyleri arzuluyorum,1
hayallerimi gerçekleştiriyorum,1
hayatım sihir ve enerji dolu,1
düşüncelerim ve hislerim besleyici,1
her an hazırım,1
her şeyde güzelliği görüyorum,1
i̇nsanlar bana nezaketli ve saygıyla davranıyorlar,1
huzurlu insanlarla çevriliyim,1
çevrem sakin ve destekleyici,1
i̇htiyacımdan fazla param oluyor,1
kazançlı ve faydalı durumları kendime çekiyorum,1
ben para mıknatısıyım,1
para enerjisini kabul ediyorum,1
zengin olmayı seviyorum,1
banka hesabım sürekli artıyor,1
para hayatımın içine akıyor,1
kolayca para kazanıyorum,1
ben zenginim,1
para ve zenginlik hakkında olumlu düşünüyorum,1
hayatım bolluk dolu,1
bereketli bir insanım,1
bolluk ve refahı hak ediyorum,1
ben çok varlıklı bir insanım,1
benim gelirim harcamalarımın çok çok üstünde,1
paranın bana gelmesi çok doğal,1
başarılı ve zengin oluyorum,1
ne olursa olsun bolluğa odaklanmayı seçiyorum,1
parayı kolayca kazanıyorum,1
sihirli bir değnek değmiş gibi param artıyor,1
hayatım her gün daha zengin ve daha bereketli oluyor,1
para kolay ve zahmetsizce bana geliyor,1
zenginlik sürekli hayatıma akıyor,1
davranışlarım sürekli zenginlik refah ve bolluk yaratıyor,1
zenginlik ve bereket enerjisiyle uyum içindeyim,1
para için bir mıknatısım,1
refah ve bolluk bana çekiliyor,1
zenginlik hayatımın manası oluyor,1
hayatın bana sunduğu tüm servetlere açık ve alıcıyım,1
ben zenginim,1
her zaman fazla param var,1
bana parayı kendime çekiyorum,1
zengin biri olarak kendimi harika hissediyorum,1
zenginlik hayatıma ve hesaplarıma akıyor,1
bana sürekli artan miktarlarda büyük miktarlarda para geliyor,1
aldığım her şey için minnettarım,1
bugün servet bereket ve refahı çekiyorum,1
cüzdanım ve banka bakiyem para ile doluyor,1
benim zenginliğim içimde parlıyor,1
finansal bolluk çığını yaratıyorum,1
ben refahlı ve zengin olmaktan alıkoyan her bloğu serbest bırakıyorum,1
zenginlik bana her yönden akıyor,1
maddi olarak bolluk ve para doğal olarak bana geliyor,1
her zaman finansal bolluğu yaşamaya izin veriyorum ve servetimi cömertçe paylaşıyorum,1
zenginlikler okyanustaki dalgalar gibi akıyor bana,1
zenginlik ve bolluk düşüncelerini enerjime dahil ediyorum,1
hayatı kendi şartlarımla yaşayan zengin bir girişimciyim,1
zenginlik bolluk ve refahı yayarım,1
zenginliğim dünyaya daha fazla hizmet verdiğim için sonsuza dek artıyor,1
kendimi koşulsuz olarak seviyorum,1
hayatımda yalnızca sağlıklı ve sevgi dolu ilişkilere izin veriyorum,1
hayat benim için en iyisini istiyor şu an bulunduğum yerde iyiyim,1
tüm insanlarla her ortamda rahatım,1
hayatın şu anda sunduğu basit zevkleri bulup zevk alıyorum,1
nasıl hissettiğimi biliyorum bu yüzden yaşamımı kendimi iyi hissettiren yönlere yoğunlaştırıyorum,1
zorluklarım bana daha iyi fırsatlar sunuyor,1
ruh halim vücudumda fizyolojik bir tepki yaratıyor huzurlu ve pozitifim,1
düşüncelerimin duygularımın ve hayatımın kontrolünü elimde tutuyorum,1
sürekli gelişiyorum bugün için ihtiyacım olan bilgiye sahibim,1
sakin ve dikkatliyim ben korkusuzum,1
başkalarına ve kendime şefkatliyim,1
potansiyelimin farkında bir pozitif varlığım,1
üstesinden gelemediğim blokajlar yok,1
ben güçlü ve akıllıyım,1
diğer insanlarla tanışmayı ve yeni arkadaşlar edinmeyi seviyorum,1
hayat çok güzel,1
ben kendim için en iyi motivasyon kaynağım,1
zorlukların büyümek ve gelişmek için fırsat olduğunu kabul ediyorum,1
ben sadece pozitif insanları çekerim çünkü kendim de pozitif biriyim,1
ben benzersizim ve bu benim dünyaya hediyem,1
her gün ortaya çıkıp elimden gelenin en iyisini yaparak bir fark yaratıyorum,1
her seferinde kendimin daha iyi bir halini oluşturuyorum,1
hareketlerimi biliyorum ve beni hedeflerime yaklaştırıyor,1
i̇stediklerimi hakediyorum çünkü dileğim için saf ve gerekli niteliklere sahibim,1
ben çözüm odaklıyım ben engellerden korkmuyorum,1
görev ve sorumluluklarımı yerine getirme yeteneğim var,1
yolculuğum ve dersleri için minnettarım,1
sınırsız gücüm var,1
kendimi seviyorum ve hayatın bana sunduğu koşulları aşıyorum,1
i̇ltifatları kolayca kabul ediyorum çünkü onları hakettiğimi biliyorum,1
herşey mümkün olasılıkları açıyorum,1
yaratıcıyım ve yeni çözümlere açığım,1
ben yetenekliyim ve zekiyim,1
i̇şim beni tatmin ediyor,1
süper güçlerimi kabul ediyorum ve onları başkalarına yardım etmek için kullanıyorum,1
ben hevesli kendinden emin ve ısrarlıyım,1
hatalardan ve başarısızlıklardan öğrenip en iyisini yapıyorum,1
ben harika bir ebeveynim,1
çocuğumun doğasının farkındayım ve onların gerçeklerini yaşamalarını destekliyorum,1
öğrenmeye ve büyümeye istekliyim,1
i̇yi bir ebeveyn olmam için bana yardım etmeye devam eden kaynaklara minnettarım,1
eşim ve ben sağlıklı ebeveynlik yaklaşımları konusunda hemfikiriz,1
bir şey dengesiz olduğunda onu düzeltecek güç bende,1
ebeveynlik rolümde kendime güveniyorum,1
ruhumu dinliyor ve yönlendiriyorum,1
ben çocuklarım için doğru olanı yapıyorum,1
çocuklarımın seçimini destekliyorum,1
ben karşılaştırmalarda en iyi ebeveyn olduğumu biliyorum,1
ebeveyn olmayı seviyorum,1
bu rolün bana verdiği neşeyi seviyorum,1
ben sağlıklı ve hareketliyim,1
kendi ihtiyaçlarımla ilgilenmek için zaman ayırıyorum bunu yapmak daha iyi bir ebeveyn olmamı destekliyor,1
i̇htiyacım olanı buluyorum,1
değişim en iyi seçenek olduğunda kolayca değişiklik yapıyorum,1
ailemin başarılı olduğu biliyorum,1
birlikte harika zaman geçiriyoruz,1
çocuklarımın sağlığı benim için bir öncelik oluyor,1
sağlıklarını desteklediğimden emin olmak için gerekli adımları atıyorum,1
dengesiz bir şey olduğunda cevapları buluyorum,1
çocuklarıma sağlıklı yemek veriyorum,1
çocuklarım sağlıklı beslenmeyi seviyorlar,1
akşam yemeği hepimizin dört gözle beklediği keyifli bir deneyimdir,1
çocuklarımın yemeyi sevdiği iyi yemekleri alabiliyorum,1
yemek hazırlamanın tadını çıkarıyorum ve ara vermem gerektiğinde beni destekleyecek kaynaklar bulabiliyorum,1
güzel bir aile hayatım var,1
formda kalmak ve egzersiz yapmayı seviyoruz,1
vücudlarına nasıl bakacakları konusunda çocuklarım için iyi bir rol modeliyim,1
çocuklarıma bedenlerini sevmeyi ve saygı duymayı öğretiyorum,1
çocuklarım sağlıklı bireyler,1
tüm yıl boyunca sağlıklı kalıyoruz,1
evimiz huzur dolu bir yer,1
evimiz düzenli ve temiz,1
herkes evimizin düzenini ve işlevini korumaya katkıda bulunmaya istekli oluyor,1
çocuklarım ev işlerini isteyerek yapıyorlar,1
gerçek doğalarını nasıl destekleyebileceklerini kolayca başarabilecekleri işleri vererek oluşturuyorum,1
evimizde çok eğleniyoruz,1
evimizde geçirdiğimiz etkinliklerle ilgili hoş anlar yaşıyoruz,1
bir aile olarak birlikte oynamak ve eğlenmek için doğru zaman harcadığımız için minnettarım,1
fiziksel olarak etrafımda olanların sevgisini hissediyorum,1
kendi yalnızlığımdan zevk alıyorum,1
kendimi mutlu etmek için doğru adımları atıyorum,1
kendimi seviyorum ve onaylıyorum,1
kendimi nefes almaya ve topraklamaya odaklıyorum,1
sezgilerimin ve kalbim beni güvende tutuyor,1
her zaman doğru seçimleri yapıyorum,1
i̇çsel gücümden ve ışığımdan ilham alıyorum,1
kendime güveniyorum,1
ben bu dünyanın eşsiz bir çocuğuyum,1
dünya bana mutluluk ve huzur veriyor,1
hayatımın gayesini keşfediyorum,1
7 milyarda biri olabilirim buna rağmen aynı zamanda 7 milyarda tekim,1
i̇ç bilgeliğime ve sezgilerime güveniyorum,1
sakinlikte nefes alıyorum ve gerginliği dışarıya veriyorum,1
ben iyi kalpli bir insanım,1
harika şeyler beni buluyor,1
yaptığım tüm hatalardan dolayı kendimi affediyorum,1
açıkça görebilmek için öfkemi bırakıyorum,1
öfkemi kendimden uzaklaştırıyorum,1
öfkemi anlayış ve şefkatle değiştiriyorum,1
öfkemden etkilenenlere özür diliyorum,1
umudum en yüksek noktaya çıkıyor,1
i̇ç dünyamdan daha fazla umut ve cesaret topluyorum,1
hayatı yaşamak için umutlu ve iyimser yollar bulmayı seçiyorum,1
daha iyi bir yol göremiyorsam yardım ve rehberlik rica ediyorum,1
hayatımın yöneticisi ve kaptanı benim,1
aklımın ve bilgimin beni doğru karara yönlendirdiğini biliyorum,1
benim için en iyi kararı vereceğime inanıyorum,1
fikirleri topluyor en doğru fikri ben veriyorum,1
i̇ç dünyamı sevgiyle dinliyorum,1
ben ailemi seviyorum,1
aileme onları sözlü ve sözsüz yollardan ne kadar çok sevdiğimi gösteriyorum,1
bu mükemmel aile ile eşleşmemin iyi bir nedeni var,1
ailemi hediye olarak görmeyi seçiyorum,1
ailemle birlikte yaşadığım mutlulukları seviyorum,1
beni onaylayan ve beni seven arkadaşlarımla birlikteyim,1
kendimi bana iyi davranan insanlarla çevreliyorum,1
arkadaşlarıma önem verdiğimi göstermek için zaman ayırıyorum,1
arkadaşlarım beni destekliyor ve güveniyor,1
arkadaşlarımla sohbetten büyük zevk alıyorum,1
ben güzel ve zekiyim ve herkes beni böyle görüyor,1
ben pozitif bir insanım,1
bundan sonra beni mutlu eden insanlarla tanışıyorum,1
beni seven insanlar hayatıma dahil oluyor,1
​​sevdiğim ve tatmin edici bulduğum işleri yapıyorum,1
kendi kariyer başarımda büyük bir rol oynuyorum,1
anlamlı harika ve ödüllendirici işler yapıyorum,1
bu dünyayı olumlu yönde etkileyen işlere katılıyorum,1
yaptığım işle dünyayı değiştirme yeteneğime inanıyorum,1
bu gün bana neşe getiriyor,1
bugün anılarım için muhteşem bir gün oluyor,1
düşüncelerim benim gerçekliğim oluyor pozitif düşünüyorum,1
günümü umutla dolduyor ve neşeyle devam ediyorum,1
bugün dolu dolu yaşıyorum,1
enerjimi boşa harcayan endişeleri bırakıyorum,1
geleceğim için akıllı ve hesaplanmış planlar yapıyorum,1
ben bir para mıknatısıyım zenginlik ve bolluğu çekiyorum,1
geleceğim için planlama yapmaktan tamamen sorumluyum,1
aileme iyi bakma yeteneğime güveniyorum,1
ne olursa olsun hayallerimi takip ediyorum,1
sevdiklerimin hayallerimi anlamalarına yardımcı olmak için şefkat gösteriyorum,1
sevdiklerimden hayallerimi desteklemelerini rica ediyorum,1
hayallerim hakkında soruları savunmadan yanıtlıyorum,1
sevdiklerim hayallerimi kabul ediyorlar,1
herkesi olduğu gibi kabul ediyorum ve hayallerimin peşinden koşmaya devam ediyorum,1
ben güvendeyim herşey çok iyi,1
her şey en yüksek iyiliğim için çalışıyor,1
hayat enerjim yükseliyor,1
akıllıyım her şeyin üstesinden geliyorum,1
bütün sorunlarımın bir çözümünü biliyorum,1
tüm yollar beni çözüme götürüyor,1
bir çözülmeyen durum hakkında yeni bir düşünme yolu arıyorum,1
cevap henüz görmemiş olsam bile onu buluyorum,1
yolumu açıyor ve kendimi özgür bırakıyorum,1
herkesten daha çok çalışıyor ve başarıyorum,1
kendimi yalnızca en yüksek benliğimle kıyaslıyorum,1
bu dünyaya enerji saçıyorum,1
kendi koşullarımdan oldukça mutluyom,1
kendimi halkıma topluma ve milletime bir hediye olarak görüyorum,1
sağlıklı mutlu ve başarılı olmayı hak ediyorum,1
kim olduğum konusunda kendimle barışığım olduğum kişiyle gurur duyuyorum,1
kendimi mutlu bir hayat sürdürmeye adıyorum,1
ben mutluyum,1
yaşamayı hak ettiğim hayatı oluşturuyorum,1
geçmişin acısı yerine bu anın mutluluğunu seçeceğim,1
ben parlak ve neşeli bir insanım,1
başkalarını sevme konusunda iyiyim ve diğerlerini mutlu ediyorum,1
olmak istediğim tek kişi kendimin daha iyi bir versiyonu,1
kendim için belirlediğim her hedefe ulaşıyorum,1
mutluluk ve sevgi benden özgürce akıyor,1
her gün her şekilde daha mutlu ve daha mutlu oluyorum,1
bugün kahkahalara ve neşeye açığım,1
ben sadece olumlu olmayı seçiyorum,1
kendimi iyi hissetmeyi seçiyorum,1
i̇nsanın huzuru ve memnuniyeti dışarıda değil içindedir,1
benim yaptığım bildiklerimi söylemek değil kendimi öğrenmektir,1
sabahlarınız gibidir beni sevmek,1
kalbinizi gene açın buna rağmen aptallık etmeden,1
kuşlar toplanmışlar göçüyorlar keşke yalnız bunun için sevseydim seni,1
neyse kalbini sağlam tut,1
heryerin kendine göre bir kanunu var,1
kendinize inanın güzel şeyler olmaya başlar,1
sorunlar bizim bilgeliğimizi ve cesaretimizi ortaya koyar,1
doğmak için uğraşmayan insanlar ölümle meşguldür,1
başarı kazanmanın kendisidir i̇nanmak başarmanın yarısıdır,1
ağacın üzerine çıkmak istiyorsan hedefin yıldızlar olmalıdır,1
başarılı bir insan olmak için kendi yıldızlarınızı meydana çıkarmalısınız,1
eğer bir şeyin hayalini kurabiliyorsanız onu yapmayı başarırsınız,1
inanç göremediğinize inanmaktır bunun ödülü de inandığınızı görmektir,1
mutluluğa giden yol yoktur çünkü mutluluğun kendisi yoldur,1
inanın gerçekten başarabileceğinize inanın başarabilirsiniz ve başaracaksınız,1
yaşamınızdaki her sorun içinde bir armağan saklar yeter ki inanın,1
öz güdüleme için ilk önemli dayanağınız kendi hakkınızdaki inanç ve düşüncelerinizdir,1
cesaretin büyük kısmı o korkulan şeyi daha önce yapmış olmaktan kaynaklanır,1
kendinize inanmak sihirdir bunu yapabilirseniz her şeyi yapabilir her şeyi gerçekleştirebilirsiniz,1
küçük parçalara ayırdığınız takdirde üstesinden gelemeyeceğiniz hiçbir iş yoktur,1
i̇nanmak bir kişinin başarılı bir işletme kurabilmesi için ihtiyacı olan en önemli tuğlalardan biridir,1
eğer inançlarınızı değiştirmezseniz hayatınız sonsuza kadar şimdi olduğu gibi kalır,1
hayali olmayanın gerçekleştirmek istediği bir amacı amacı olmayanın da hiç kimseye bir yararı dokunmaz,1
eğer irade gücünüzün pek olmadığını düşünüyorsanız kendi başarınızı sabote ediyorsunuz demektir,1
başarı gücünün anahtarı en küçük şeyleri bile yapma buna rağmen onları hemen yapma arzusu duymanızdadır,1
hiçbir zaman yeterince iyi olmadığınızı düşünmeyin i̇nsanlar sizi sizin kendinizi gördüğünüz gibi görürler,1
mutlu ve hevesli bir insan olmak üzerine dikkatinizi toplayın fazla bir zaman geçmeden öyle olduğunuzu göreceksiniz,1
neyi arzuluyorsanız bütün dikkatinizi onun üzerinde yoğunlaştırın eninde sonunda gerçekleştiğini göreceksiniz,1
i̇nanırsanız bir dağı yerinden oynatabilirsiniz i̇nanmanın gücünde inancın gücünden başka büyü ya da mistik bir anlam yoktur,1
i̇yi bir bitirici olduğunuza inanmak için kendinize bunu kanıtlayacak bir dizi bitirilmiş görevler ortaya koymalısınız,1
büyük insanları büyük görmemizin sebebi bizim dizlerimiz üzerine çökmemizdir diz üstü çökmeyi bırakıp biz de ayağa kalkmalıyız,1
dağları oynatabileceklerine inananlar bunu yaparlar i̇nanmayanlar bunu yapamazlar inanç insanın yapma gücünü harekete geçirir,1
saygılı inançla atak bir biçimde başlatın büyük düşünün ve iyi gelişlin,1
i̇nanın gerçekten inanın bir dağı istersiniz yerinden oynatabilirsiniz i̇nanırsanız bunu yapabilirsiniz,1
mola vermekte özgürsün,1
yaşamanız için oksijen değil amacınızın olması gerekir oksijen hayatta kalmanız içindir,1
başaramayacağın bir şey olduğunu düşünmemelisin unutma ki hayallerin her şeyden büyük,1
sadece bugün yapacaklarınız bütün yarını değiştirebilir de bunu unutmayın,1
başarabilmek bir eylemdir kolay yolu seçersen sonucu basit olur unutma ki,1
yokuş aşağı inerken kolay inersin manzara tepeden daha güzeldir,1
bugün yaşadığın sıkıntıların her biri senin yarın ki gücün olacak,1
ayağa kalkmalısın artık etrafındakilerin yapamayacağı söyledikleri şeyleri yapmanın zamanı geldi,1
uyandığın zaman önünde iki seçenek bulunuyor tekrar yatıp rüyayı görebilirsin ya da uyanarak rüyanın peşine gitmek,1
eğer kendine gerçekten inanıyorsan hayalini gerçekleştirmek imkansız değil,1
artık büyümenin zamanı geldi diyorsan küçük düşünmeyi bırakmalısın,1
10 dakika bile işini ertelesen de bu haftalara neden olabiliyor düşünmelisin istemelisin ve yapmalısın,1
ağacın üzerinde yer almak istiyorsan eğer hedefin büyük olmalı yıldızları seçmelisin,1
keşke dememek istiyorsan çalışmaya devam etmelisin,1
zaman yaratmalısın zaman yarattığın da gerçeğe dönüştüreceksin herhangi biri de düşünüp bir şeyleri elde etmediler,1
zamanı yaratıp uygulamaya geçtiler,1
yalnızca kendine güvenmelisin de etrafındakileri unutman gerek,1
başarının sırrını merak ediyorsan durmadan yolunda devam etmelisin,1
devamlı aynı şeyleri yapmaya devam edersen eğer sürekli de aynı şeyi elde etmiş olursun,1
geleceğin senin elinde o yüzden çevrendeki seslere kulağını kapat ve istediğini elde et,1
eğer sen karşındakini yeneceğine inanırsan gönülden yenersin,1
kendine güvenmelisin çünkü bu hayatta seni senden daha iyi tanıyan biri yok,1
o sensin ve kendine güvenirsen eğer her şeyi yapabileceğini de bilmelisin,1
babamın tek bir sözü güvenin ne kadar önemli olduğunu bana anlatıyor benim kızım bir tane,1
bir kişiyle yola çıktıysan ve aranızda büyük bir güven sorunu varsa geçmiş olsun,1
yaşamının uzun olmasını istiyorsan eğer ilk öncelikle kendine olan güvenini bileceksin ve sonrasında da bu güveni nasıl kullanacağını,1
i̇nsanların birbirilerine olan sahte gülücüklerini sarılmalarını gördükçe insanlara karşı olan güvenim tamamen bitiyor,1
en beteri de ne biliyor musun ben tüm kalbimi sana vererek güvenmiştim,1
her şey anlamsız bir hal almaya başladığında kulağıma geldi ve fısıldadı ben güven ilk önce kendine güven ve ayağa kalk,1
etrafımdakilere bir göz gezdirdim bir gece yarısı,1
buna rağmen ne yazık ki içlerinden bir tanesi bile güvenilir değildi i̇şte o zaman yıkıldım,1
bana gelen kişilerin sahte olması nedendi acaba bendeki olan sevgiden miydi yoksa beni salak gördüklerinden mi ,1
güven hakkındaki felsefem karşımdaki de kişinin iki yüzünü göreceksem eğer o insanın yüzünü hiç görmemeyi tercih ederim,1
neyine güveniyorsun be kalbim boyundan çok büyük boyutlarda bu sevgim,1
bazı insanlar var ki onlara güvenemezsin i̇yi niyetlerinde bile kötülük vardır,1
güven bir defa kaybedildiğinde geriye sadece şüphe kalır,1
i̇lk olarak karşımdakilere güvenmeyi öğrettiler bana buna rağmen sonrasında bir daha güvenmememi öğretmediler,1
sevgiline öyle güven ver ki bu hayatta senden başka birine güvenmek için yola çıkmasın,1
eğer bir insanın kalbinde güven varsa o kişide sevgiyi de bulursunuz dürüstlüğü de,1
seni affedebilirim buna rağmen tekrardan güvenebileceğimi sanıyorsan yanılıyorsun,1
güven konusu aynı aynaya benzer bir defa kırıldığı zaman daima çizik gösterecektir,1
güvendiğim dağlara karlar yağdı de deriz kimi zaman onları baş başa bırak yeter,1
eğer birini kandırdıysan karşındakinin aptal olduğunu düşünürsen çok yanılırsın yalnızca sana hak etmediğinden fazla güvendi o kadar,1
biriyle yola çıkmanız için gerekli olan üç şey güven yürek ve sadakat,1
kalemine bile güvenme gidip kağıda sırrını döker,1
sadece allah’a güvenin hiç beklemediğiniz bir anda çiçekler açar ve umutlanmanıza izin verilir,1
güven tam olarak ruha benzer terk etmiş olduğu bedene bir daha geri dönmeyi tercih etmez,1
kendine güvenebilmek diğer alanlarda başarı olmanızın ilk şartıdır,1
çalışarak başlanan bir gün suçluluk hissetmeden keyif alınabilecek bir güne sebep olur,1
sevgili geçmiş verdiğin tüm dersler için teşekkür ederim sevgili gelecek hazırım,1
bugün sana gelen hareketler bir gün ısınma hareketlerin olacak,1
vücudun neredeyse her şeye de dayanır i̇kna etmen gereken zihnindir,1
emek her şeyi yener,1
i̇yi şeyler terleyenlere gelir,1
yapmak üzereysen neden başladığını düşün,1
kuvvet fiziksel kapasiteden gelmez yılmayan bir iradeden gelir,1
motivasyon başlamanı sağlar devam etmen için alışkanlık olmalı,1
önce biz alışkanlıklarımızı oluştururuz sonra da alışkanlıklarımız bizi oluşturur,1
ya başlamalı ya da bitirmeli,1
mekiklerimi saymıyorum acıtmaya başladığında saymaya başlarım çünkü saymaya değer olan sadece onlardır,1
bir insana olanlar değil o insanın içinde olanlar önemlidir,1
harika bir başlangıç yapmanız gerekmiyor fakat harika olmak için başlamanız gerekiyor,1
sana bunun kolay olacağını söylemiyorum buna değeceğini söylüyorum,1
üzerinde çalışacağın en iyi proje sensin,1
demir mıknatısa aşıktır hep ona doğru koşar zafer de sabra aşıktır ve devamlı ona koşar,1
savaşçı sevdiği şeyi yarım bırakmaz savaşçı yaptığı şeyde sevgiyi bulur,1
başlamak için mükemmel olmak zorunda değilsin fakat mükemmel olmak için başlamak zorundasın,1
cesur değilsen samimi olamazsın,1
cesur biriysen sevmek çok kolay,1
cesur insan güvenir,1
insanlar cesur olduklarını düşünürlerse başarılı olurlar,1
o yüzden önce cesaret gelir ve diğer her şey onu izler,1
i̇nsan bir şeyi ciddi olarak istemeye görsün hiçbir şey erişilemeyecek kadar yükseklerde değildir,1
bazı yenilgilerin nedeni insanların işi yarıda bıraktıklarında başarıya ne kadar yakın olduklarını bilememeleridir,1
beklersen sadece sana geleni alırsın buna rağmen eğer gidersen istediğin her şeyi,1
hayatınızı ortaya koymazsanız hayatınızı kazanamazsınız,1
açıktır ki yazgıların en güzeli bir insan sahip olabileceği,1
en büyük hazine tutkuyla yaptığı bir iş için ona para ödeniyor olmasıdır,1
hiçbir zaman başınızı eğmeyin her zaman dik tutun hayatı karşınıza alın ve tam gözünün ortasına bakın,1
geçmişte kim olduğunu bilmek istiyorsan şu an kim olduğuna bak kim olacağını bilmek istiyorsan ne yaptığına bak,1
herhangi bir eylem yoksa gerçekten karar vermediniz demektir,1
hayal edebilirseniz gerçekleştirebilirsiniz,1
ulaşılabilir aktif uyarlanabilir takdire değer,1
maceraperest hoş uysal sevimli,1
minnettar i̇fade atletik çekici,1
dengeli iyiliksever parlak sakin,1
yetenekli büyüleyici i̇lgili zorlayıcı,1
karizmatik büyüleyici neşeli temiz,1
şeffaf başlı zeki renkli merhametli,1
uzlaştırıcı kendine güvenen vicdanlı düşünceli,1
cesur nazik yaratıcı kültürlü,1
meraklı cesur nazik terbiyeli,1
belirleyici adanmış derin ağırbaşlı,1
yönetmen disiplinli dramatik saygılı,1
dinamik eğitimli verimli zarif,1
anlamlı empatik enerjik hevesli,1
estetik olağanüstü adil sadık,1
esnek odaklı bağışlayıcı samimi,1
freethinking arkadaş canlı eğlence,1
seven cesur cömert nazik,1
hakiki i̇yi huylu zarif,1
çalışkan sağlıklı içten faydalı,1
dürüst onurlu mütevazı nükteli,1
komik ülkücü yaratıcı etkileyici,1
zekice dürüst bağımsız bireysel,1
yenilikçi zararsız anlaşılır kaygısız,1
akıllı sezgisel yaralanmaz tür,1
bilgi yavaş mantıklı sevimli görmezden geleni affetmeyi bileni,1
sadık bağışlayıcı olgun sistemli görmezden geleni affetmeyi bileni,1
maticulous ılımlı mütevazı çok tesviye,1
temiz amaçlı açık i̇yimser,1
düzenli örgütlü orijinal özenli,1
tutkulu hasta vatansever huzurlu,1
algısal mükemmeliyetçi yakışıklı i̇kna edici,1
şakacı cilalı popüler pratik görmezden geleni affetmeyi bileni,1
kesin ilkeli derin prensipli,1
koruyucu kısmetli ihtiyatlı dakik,1
akılcı gerçekçi yansıtıcı rahat,1
dürüst becerikli saygılı duyarlı,1
saygılı romantik kırsal adaçayı,1
aklı başında bilimsel vicdanlı güvenli,1
özverili özverili hassas duygusal görmezden geleni affetmeyi bileni,1
melek gibi ciddi seksi paylaşım,1
kurnaz basit becerikli ölçülü görmezden geleni affetmeyi bileni,1
sosyal katı sofistike doğal,1
spor kararlı sarsılmaz kuvvetli,1
çalışkan tatlı ince tatlı,1
sempatik sistematik zevkli tam,1
düzenli hoşgörü uysal güven,1
anlayış dik medeni maceraperest,1
canlı ilık hafif sıcak,1
soylu okumuş yönlü genç,1
ey gönül ses etme bekle ya nasip de rabbine bırak,1
bir görüntü vermiş isem özür dilerim,1
koç bu diye sevmek istiyorum,1
içimden geçen yanımda olmanı istiyorum,1
iyi geceler balım seni seviyorum görmezden geleni affetmeyi bileni ,1
iyi kalpli olduğuma tüm kalbimle inanıyorum,1
seni çok severim daha iyi biri olmana gerek yok,1
bu kadar üzüleceğini düşünmedim buna gerek yok,1
neyse canın sağolsun,1
sevgimin güzelliğiydi seni güzelleştiren,1
her zaman gül hayata gülücük şaç gülmeyi benimse,1
çünkü senin bir gülüşün için koca dünyada yaşayan biri mutlaka biri vardır,1
gül filizlendiği günden itibaren güneşe aşıktır görmezden gelen affetmeyi bilen,1
sonunda huzur var,1
bir arkadaşın bir süreliğine yanına geliyor veya sen gidiyorsun eskilerden bir haber alacaksın,1
hayatında büyük önemi olan iki kişinin sana yapacağı önemli bir yardım olacak,1
birinden büyük yardım göreceksin,1
yaşantında tahmin etmediğin bir başarı ve mutluluk yaşayacaksın,1
taşıdığın bütün dertlerinden ardı ardına kurtuluyorsun,1
rahata eriyorsun yaşayacağın her sıkıntıda ailenin yanında olduğunu bilmek sana güven veriyor,1
hislerinin yoğunlaşacağı algılarının açılacağı bir dönemden geçiyorsun,1
buna rağmen sen bunun üstesinden geleceksin,1
üzerinde çok düşünmeden yapacağın bir hamle sana mutluluk getirecek,1
yeni bir arkadaşınla karşılaşıp olan günleri yad etmek seni mutlu edecek,1
hayat yaşamayı mutluluk,1
gülümsemeyi sevgi hak etmeyi,1
vefa hatırlamayı dostluk,1
bir mucizeye ihtiyacınız yok aslında bir mucize olduğunuzu hatırlamaya ihtiyacınız var,1
aslında birbirleriyle ve adaletle dans etmektedir,1
yenik düşüyorsan özlemlerine aldırma sakın sen kalbindeki o uçsuz bucaksız sevgiyi hisset,1
umutsuzluğa düşmeyin ama eğer düşerseniz umutsuzca çalışmaya devam edin,1
uçamıyorsan koş koşamıyorsan yürü eğer yürüyemiyorsan sürün ama hareket etmeye devam et geleceğe ilerlemeyi sürdür,1
ya kaybettiklerin üzerine yoğunlaşırsın ya da geriye kalanlar için savaşırsın,1
sıkıntılı zamanlarında sakın ümidini kesme çalış gayret göster göreceksin ki bir gün güneşli neşeli günler seni kucaklayacaktır,1
hiçbir şey ayağınıza gelmez en azından iyi olan hiçbir şey her şeyi gidip kendiniz almanız gerekir,1
nereye giderseniz gidin ama tüm kalbinizle gidin,1
i̇mkansıza ulaşmanın tek yolu onun mümkün olduğuna inanmaktır,1
henüz hedeflediğim yerde olmayabilirim ancak dün olduğum yerden daha yakınım,1
i̇nandıklarını görenler görmediklerine inananlar arasından çıkar,1
yolunu değiştirmeden devam ettiğin sürece ne kadar yavaş gittiğinin bir önemi yoktur,1
i̇nsanın kendini fethetmesi zaferlerin en büyüğüdür,1
ne kadar ileri gidebileceğini ancak çok uzağa gitmeye cesaret edenler keşfedebilir,1
güzel günler sana gelmez sen onlara yürüyeceksin,1
hayal gücü olmayan insanın kanatları yoktur,1
kişi bir şeye kendini tamamen adadığında tanrı da onun için harekete geçer,1
umudun kapısı aralandığında ayağınızı kapıdan çekmeyin,1
bazı insanlar olmasını ister bazıları olmasını bekler bazıları ise oldurur,1
kaybedecek bir şeyiniz yoksa kazanacak çok şeyiniz var demektir,1
hayatta ya tozu dumana katarsın ya da tozu dumanı yutarsın,1
güneş diz çökenlerden önce ayakta duranların üzerinde parlar,1
vazgeçme kalbin yorulduğunda ayaklarınla yürü ama yola devam et,1
hiçbir zaman kaybetmem ya kazanırım ya da öğrenirim,1
aklın gücünden kuvvetli olan tek şey kalbin cesaretidir,1
bir gün hayatınız bir film şeridi gibi gözlerinizin önünden geçecek bunun izlenmeye değer olduğundan emin olun,1
bulunduğun yer seni memnun etmiyorsa yerini değiştir ağaç değilsin,1
hayat size acıyı zaten getirir sizin sorumluluğunuz neşeyi yaratmaktır,1
pek çok insan gerçekleştirmek üzereyken vazgeçer ancak karşılaştığın bir engelin sonuncusu olmadığını bilemezsin,1
çok şanslısın en azından sana bu düşünde en yararlı olacak kişiyi ikna etmişsin demektir,1
hiçbir zaman vazgeçmeyen bir insanı yenmek çok zordur,1
düşündüğüm şeyler zamanla gerçeğe dönüşüyorsa sadece gerçekleşmesini istediğim şeyleri düşünmem akıllıca olur,1
sabırlı ve dayanıklı ol bir gün bu acı senin için yararlı olacak,1
kazanmaya değiyorsa beklemeye de değer,1
yaptığımız seçimler sonuçta bizim sorumluluğumuzdur,1
i̇nsanlar sıkıldıklarında sıkılmaları öncelikle kendi kendileriyle ilgili olur,1
bilge bir insan kendi kararlarını verir,1
güvenebilmek birine sevmekten çok daha değerlidir bunu zaman geçtikçe anlarsın,1
bu zamanda azraile sorunsuz güvenebilirsin seni kandırmaz ya da güvenini boşa çıkartmaz,1
güven veren kadın en güzelidir gerisi zaten bakımla beraber kuaför ile halledilir,1
bazı kişiler bilgi sahibi olduklarımdan bazı yerlerde kendisini başrol olarak görmekteler,1
çok istediğiniz bir hedef belirleyin sabahları yataktan fırlayarak kalkmanızı sağlayacak kadar çok istediğiniz,1
daha fazla uyuyabilmenin hesabını yapma daha fazla yapabilmenin hesabını yap günaydın,1
yapılacaklar listemin başına her zaman uyan yazarım böylece günde en azından bir şeyi başarmış olurum,1
ne olduğumuzu biliriz fakat ne olabileceğimizi bilmeyiz,1
en küçük düşünceler bile en büyük başarılara dönüşme potansiyeline sahiptir tek yapmanız gereken kalkmak ve başlamak,1
saati seyretme saat gibi yap i̇lerlemeye devam et,1
allah sana nasip ettiği her bir sabah hayattaki amacının henüz gerçekleşmediğinin göstergesidir,1
dün geçmiştir yarın bir gizemdir bugünse hediyedir,1
kısmetsiz köpek sabaha karşı uyuyakalır,1
hayat güzeldir geçen bir gün bir saat bir dakika geri gelmez,1
dünkü sen bugünü şekillendirdi yarın ne olmak istiyorsan onu şekillendirmek için bugün olman gereken sen ol,1
bu sadece başka bir gün değil bu hayallerini gerçekleştirmen için başka bir şans günaydın,1
küçük bir adım belki de olağanüstü bir yolculuğun başlangıcıdır,1
vazgeçme bugün sert yarın daha zor olacak ama yarından sonra güneş doğacak,1